project,area,BHK,value
Chandrakamal,882 sqft,2,₹1.65 Cr
ANP Autograph,846 sqft,2,₹93.3 Lac
gston Atlantis,1123 sqft,3,₹1.07 Cr
MJ Opera,825 sqft,2,₹91 Lac
The Silver Altair,881 sqft,2,₹91.3 Lac
Hermes Paras 3,1120 sqft,3,₹2.35 Cr
Samrajya,800 sqft,2,₹85 Lac
24K Altura,1374 sqft,3,₹1.95 Cr
Ambar Zenith,1414 sqft,3,₹2.97 Cr
Vision Vanessa,1423 sqft,3,₹1.70 Cr
Nu Era,1130 sqft,3,₹1.99 Cr
Avaneesh,1199 sqft,3,₹1.90 Cr
Riverdale Grove,737 sqft,2,₹1 Cr
Verista,1258 sqft,3,₹3.59 Cr
Kool Homes Green Valley Phase 2,955 sqft,2,₹1.25 Cr
Codename TechD,785 sqft,2,₹75 Lac
Arbor Vista,755 sqft,2,₹82 Lac
Mantra Mirari,1649 sqft,4,₹2.54 Cr
Venkatesh Erandwane Central,1057 sqft,3,₹2.95 Cr
Pride World City,786 sqft,2,₹71.2 Lac
Aqura Pride,610 sqft,2,₹73 Lac
Purva Emerald Bay,1206 sqft,2,₹97 Lac
oor Shangrila,1000 sqft,3,₹1.16 Cr
Adi Amma Insperia,744 sqft,2,₹97.2 Lac
NYATI EQUINOX,1213 sqft,3,₹1.42 Cr
TCG Cliff Gardens VC Homes,658 sqft,2,₹65.3 Lac
Ashiana Malhar,1045 sqft,3,₹92.3 Lac
Sensorium,783 sqft,2,₹89 Lac
Dream Elegance,1223 sqft,3,₹1.76 Cr
Gagan Aviva,356 sqft,2,₹42 Lac
K Ville,740 sqft,2,₹69.1 Lac
Aryaban,1009 sqft,3,₹87.7 Lac
a Luxe,1067 sqft,3,₹1.29 Cr
Rohan Harita,1106 sqft,3,₹1.25 Cr
g Society,859 sqft,2,₹1.06 Cr
Amanora Crown Towers,957 sqft,3,₹1.92 Cr
Signature Ritz,1081 sqft,3,₹1.17 Cr
VTP Bellissimo,722 sqft,2,₹79 Lac
Ganga Avanta,1219 sqft,3,₹1.59 Cr
e Allure,1008 sqft,3,₹1.16 Cr
Life Republic Sector R22 Avenue Atmos,747 sqft,2,₹64 Lac
Vision Altia,998 sqft,3,₹91 Lac
Ganesh Nagar Ravet Pune,704 sqft,2,₹64.7 Lac
Godrej Emerald Waters,914 sqft,2,₹1.31 Cr
Lodha Estilo,1617 sqft,4,₹2.75 Cr
Kasturi Eon Homes,830 sqft,2,₹96.9 Lac
Marvel Zephyr,2200 sqft,3,₹3.50 Cr
Blue Ridge,867 sqft,2,₹95 Lac
VTP Earth One,673 sqft,2,₹82 Lac
e Allure,778 sqft,2,₹86.8 Lac
The Balmoral Riverside,1405 sqft,3,₹2.60 Cr
Punawale,1126 sqft,3,₹1.11 Cr
Ganesh Bella Rossa,1040 sqft,3,₹80 Lac
Goel Ganga Avanta,1060 sqft,3,₹1.40 Cr
Shubh Tristar,1268 sqft,3,₹1.58 Cr
Kasturi Eon Homes,835 sqft,2,₹89 Lac
Puravankara Purva Silversands,1062 sqft,3,₹1.27 Cr
Puneville,805 sqft,2,₹72.3 Lac
Nandan Ace,1551 sqft,3,₹1.51 Cr
oor Kaleido,720 sqft,2,₹75 Lac
The Canary,832 sqft,2,₹95.8 Lac
Shree Sai Aarav,735 sqft,2,₹63 Lac
Geras Island of Joy,1673 sqft,4,₹1.95 Cr
Godrej Urban Retreat,787 sqft,2,₹85 Lac
Bavdhan Pune,1139 sqft,3,₹1.47 Cr
Arbor Vista,1123 sqft,3,₹1.12 Cr
Sky High Towers,1376 sqft,4,₹1.17 Cr
g,1251 sqft,3,₹1.75 Cr
Nancy Hillview A1,856 sqft,2,₹92 Lac
7 Plumeria Drive,1208 sqft,3,₹1.40 Cr
Majestique Marbella,1170 sqft,3,₹1.29 Cr
Codename Plus Life,740 sqft,2,₹65 Lac
Kumar Parth Tower,1090 sqft,3,₹1.25 Cr
Puraniks Abitante Fiore,733 sqft,2,₹75 Lac
Unique Youtopia,914 sqft,3,₹1.20 Cr
VTP NatureScape Bavdhan,1135 sqft,3,₹1.29 Cr
e Allure,867 sqft,3,₹99.6 Lac
Livmo,645 sqft,2,₹52 Lac
The Balmoral Hillside,1244 sqft,3,₹1.98 Cr
Majestique Marbella,1089 sqft,3,₹1.41 Cr
Saheel ITrend Homes,776 sqft,2,₹84 Lac
Pharande Puneville Phase III Cluster A,809 sqft,2,₹65 Lac
The Strand,1336 sqft,3,₹1.68 Cr
Bramha the Collection,1180 sqft,3,₹1.55 Cr
Palladio Balewadi Central Phase 1,1150 sqft,3,₹1.60 Cr
Kumar Parth Tower,806 sqft,2,₹80.5 Lac
Palladio Kharadi Central,820 sqft,2,₹1 Cr
Krishna Amarillo,702 sqft,2,₹76 Lac
Nirman Cosmopolis,817 sqft,2,₹87 Lac
Rohan Ekam,1253 sqft,3,₹1.60 Cr
The Canary,1371 sqft,3,₹1.72 Cr
Godrej Hillside,980 sqft,3,₹1 Cr
Patil Nagar Bavdhan Pune,1271 sqft,3,₹1.16 Cr
My Homes Wakad,778 sqft,2,₹79 Lac
Ravet,760 sqft,2,₹67 Lac
Nyati Emerald,838 sqft,2,₹1.02 Cr
Sky I 5,1802 sqft,4,₹2.52 Cr
Dosti Greenscapes,779 sqft,2,₹89.8 Lac
Riverdale Grove,821 sqft,2,₹93 Lac
Nyati Ebony,853 sqft,2,₹46 Lac
Prasun Sarvam,740 sqft,2,₹83 Lac
Sunflower Apartments,750 sqft,2,₹57 Lac
oor Sportsville,864 sqft,3,₹95 Lac
Nyati Emerald,838 sqft,2,₹95 Lac
Avon Vista,774 sqft,2,₹94.5 Lac
Itrend Futura,776 sqft,2,₹88 Lac
Panchshil Towers,4500 sqft,5,₹9 Cr
ds,777 sqft,2,₹60 Lac
Avon Vista,773 sqft,2,₹87 Lac
Garve Akshara Serenity,788 sqft,2,₹60 Lac
Sherlyn Avenue,698 sqft,2,₹45.5 Lac
Nancy Hillview A1,1076 sqft,3,₹1.19 Cr
Gulmohar Orchids,930 sqft,2,₹85 Lac
Water Bay,760 sqft,2,₹62 Lac
VTP Blue Waters,1200 sqft,3,₹1.10 Cr
Rama Metro Life Maxima Residences,782 sqft,2,₹71 Lac
Nandan Inspera,871 sqft,2,₹88 Lac
Majestique Ephelia,1210 sqft,3,₹1.28 Cr
Nyati Eternity,836 sqft,2,₹65 Lac
Kolte Patil Life Republic,1287 sqft,3,₹94.8 Lac
i Vivante,779 sqft,2,₹54 Lac
The Canary,832 sqft,2,₹96.1 Lac
NIBM Annexe Area Pune,840 sqft,2,₹85 Lac
Gagan Klara,1150 sqft,3,₹1.60 Cr
K Town Kiwale,1040 sqft,3,₹83 Lac
Poorva Residency,850 sqft,2,₹90 Lac
bow Grace,980 sqft,3,₹95 Lac
Kumar Sophronia,1535 sqft,3,₹2 Cr
Marvel Sangria,2300 sqft,3,₹3.20 Cr
Nyati Meadows,850 sqft,2,₹94 Lac
VTP Bellissimo,820 sqft,2,₹92 Lac
SKYi Songbirds,1409 sqft,3,₹1.45 Cr
MJ Opera,816 sqft,2,₹81 Lac
Majestique Rhythm County,892 sqft,3,₹62 Lac
Majestique Marbella,1080 sqft,3,₹1.20 Cr
Kumar Parth Tower,1177 sqft,3,₹1.50 Cr
Prabhat Road Pune,2450 sqft,4,₹6.50 Cr
Ashok Nagar Tathawade Pune,993 sqft,3,₹85 Lac
Kharadi Pune,1520 sqft,3,₹1.69 Cr
Horizon Highgroves,1104 sqft,3,₹1.24 Cr
a Lite,680 sqft,2,₹56 Lac
est Tathawade Phase 1,702 sqft,2,₹72 Lac
VTP Dolce Vita,1080 sqft,3,₹1.15 Cr
Kumar Priyadarshan,800 sqft,2,₹75 Lac
gi Pune,1400 sqft,3,₹2 Cr
Punawale,755 sqft,2,₹62 Lac
Matoshree Pride,499 sqft,1,₹36.5 Lac
gton,780 sqft,2,₹64.2 Lac
204 Blue Paradise,890 sqft,2,₹1.15 Cr
Marunji,1176 sqft,3,₹98.2 Lac
24K Altura,1141 sqft,3,₹1.65 Cr
e Allure,749 sqft,2,₹95 Lac
Aneesha,2119 sqft,3,₹2.20 Cr
Ruby Park,950 sqft,2,₹90 Lac
Life Republic Sector R22 Avenue Atmos,780 sqft,2,₹61 Lac
Shapoorji Joyville Hadapsar Annexe,590 sqft,2,₹58.9 Lac
Lokmanya Colony,1027 sqft,3,₹1.97 Cr
hgad Road Pune,800 sqft,2,₹1.10 Cr
Santiago Uptown,760 sqft,2,₹69 Lac
7 Plumeria Drive,803 sqft,2,₹80 Lac
Pebbles Greenfield,1004 sqft,3,₹1.10 Cr
Mantra 29 Gold Coast Phase 6,731 sqft,2,₹64.1 Lac
Puraniks Aldea,1200 sqft,3,₹1.15 Cr
7 Plumeria Drive,803 sqft,2,₹88 Lac
Rohan Mithila,1100 sqft,3,₹1.30 Cr
Pebbles Greenfield,750 sqft,2,₹74 Lac
Kumar Parth Tower,788 sqft,2,₹91 Lac
Pyramid Atlante,1195 sqft,3,₹1.09 Cr
Vision Vanessa,1423 sqft,3,₹1.56 Cr
Little Earth,1077 sqft,3,₹79 Lac
Model Colony,1945 sqft,4,₹4.75 Cr
Kshitij Residency,720 sqft,2,₹1.23 Cr
Aundh Renaissance,1858 sqft,4,₹3.03 Cr
VTP Dolce Vita,928 sqft,3,₹95.5 Lac
Mohan Nagar Co operative Society Pune,800 sqft,2,₹85 Lac
Rohan Harita,1380 sqft,3,₹1.18 Cr
ewood Drive,1027 sqft,3,₹82 Lac
Sadguru Empire,978 sqft,3,₹70 Lac
Songs from the Wood,4095 sqft,4,₹9.84 Cr
Venkatesh Erandwane Central,800 sqft,2,₹1.88 Cr
Balewadi Gaon,2010 sqft,4,₹1.98 Cr
gs Towers,1200 sqft,3,₹97 Lac
Osian One and Only,1170 sqft,3,₹1.41 Cr
Kharadi Pune,1885 sqft,4,₹2.75 Cr
Megapolis Serenity,698 sqft,2,₹58 Lac
Baner Pune,1050 sqft,3,₹1.15 Cr
Unique Youtopia,776 sqft,2,₹90 Lac
g,744 sqft,2,₹60.5 Lac
Pimple Nilakh,769 sqft,2,₹96.5 Lac
Mundhwa Pune,787 sqft,2,₹75 Lac
Nivasa Elevia,1020 sqft,3,₹76.2 Lac
Almal The Terraces,2000 sqft,4,₹3 Cr
Wagholi Pune,850 sqft,2,₹65.6 Lac
Eon Waterfront,6000 sqft,5,₹5.15 Cr
Sagitarius Bluegrass Residences,1689 sqft,3,₹3.99 Cr
VTP Beaumonde,1055 sqft,3,₹1.15 Cr
dra Citadel,1665 sqft,4,₹2.18 Cr
The Ornate,1141 sqm,3,₹1.45 Cr
Pebbles Greenfield,766 sqft,2,₹76 Lac
Codename Fireworks,828 sqft,2,₹96.9 Lac
Kalpataru Exquisite,1100 sqft,3,₹1.45 Cr
Nivasa Elevia,750 sqft,2,₹59.9 Lac
gsley,784 sqft,2,₹83.5 Lac
Unique Youtopia,770 sqft,2,₹74.3 Lac
Oxford Premium,740 sqft,2,₹90 Lac
Clover Highlands,1590 sqft,2,₹1.48 Cr
Megapolis Mystic,1129 sqft,3,₹90 Lac
Naadbramha Society,440 sqft,1,₹57.5 Lac
Sensorium,973 sqft,3,₹1.10 Cr
Godrej River Royale,1688 sqft,3,₹2.50 Cr
chwad Pune,776 sqft,2,₹77 Lac
Vertillas,1555 sqft,3,₹1.99 Cr
Lodha Estilo,1615 sqft,4,₹2.50 Cr
Baner Pune,2520 sqft,4,₹2.35 Cr
Nyati Emerald,835 sqft,2,₹90 Lac
Kairosa,440 sqft,1,₹36 Lac
Adarsh Nagar Kiwale Pune,806 sqft,2,₹60 Lac
Majestique Towers,810 sqft,2,₹84 Lac
The Canary,1109 sqft,3,₹1.41 Cr
Majestique Towers,1133 sqft,3,₹1.38 Cr
oor Viva City,1085 sqft,3,₹91.4 Lac
Puneville,728 sqft,2,₹65 Lac
i Vivante,781 sqft,2,₹65 Lac
Godrej Emerald Waters,792 sqft,2,₹1.04 Cr
Kolte Patil Life Republic Arezo,738 sqft,2,₹68 Lac
Majestique Signature Towers,832 sqft,2,₹1.11 Cr
Codename Fireworks,1110 sqft,3,₹1.42 Cr
oor Shangrila,1000 sqft,3,₹1.21 Cr
e Allure,750 sqft,2,₹78 Lac
Pride World City,2590 sqft,4,₹1.85 Cr
Prabhat Road Pune,2035 sqft,4,₹5.60 Cr
Optima Heights,675 sqft,2,₹42.1 Lac
Majestique Towers,824 sqft,2,₹1.04 Cr
Majestique Marbella,824 sqft,2,₹97 Lac
Godrej Riverhills,900 sqft,3,₹85 Lac
e Allure,760 sqft,2,₹75.5 Lac
Dosti Greenscapes,924 sqft,3,₹1.10 Cr
Park,825 sqft,2,₹70 Lac
Pride World City,1010 sqft,2,₹95 Lac
Sukhwani Artize,693 sqft,2,₹65 Lac
Bhoslenagar Ashok Nagar Pune,2337 sqft,3,₹5 Cr
Gloria Grand,1147 sqft,3,₹1.23 Cr
ewood Drive,955 sqft,2,₹69.5 Lac
Goel Ganga Avanta,1265 sqft,3,₹1.87 Cr
The Strand,2456 sqft,4,₹3.21 Cr
Rahul Downtown,751 sqft,2,₹82 Lac
Lodha Belmondo,1322 sqft,3,₹1.59 Cr
Livience Aleenta,1900 sqft,4,₹3.30 Cr
Excellaa Prospera,1251 sqft,3,₹1.41 Cr
Nirvana Beyond,453 sqft,1,₹34 Lac
VTP Township Codename Pegasus,810 sqft,2,₹83 Lac
Joyville Hadapsar Annexe,393 sqft,1,₹40 Lac
gton,1100 sqft,2,₹96.6 Lac
ds,725 sqft,2,₹64.5 Lac
VTP Dolce Vita,1245 sqft,3,₹1.23 Cr
i Vivante,787 sqft,2,₹57 Lac
Nyati Emerald,1213 sqft,3,₹1.45 Cr
Pooja Complex,903 sqft,2,₹70 Lac
Keshav Nagar Mundhwa Pune,987 sqft,3,₹95 Lac
Wakad Pune,1540 sqft,4,₹1.82 Cr
Park Landmark,2160 sqft,4,₹2.07 Cr
Balewadi Pune,1121 sqft,3,₹1.26 Cr
Bramha the Collection,808 sqft,2,₹91 Lac
Shapoorji Pallonji Vanaha,1011 sqft,2,₹1.06 Cr
g D,462 sqft,1,₹28.3 Lac
Moshi Pune,727 sqft,2,₹50.8 Lac
Pashan Pune,1050 sqft,3,₹1.10 Cr
Panchshil Towers,1700 sqft,3,₹3.36 Cr
Bramha the Collection,1140 sqft,3,₹1.62 Cr
Dream Glorious,811 sqft,2,₹87 Lac
Akshay County,840 sqft,2,₹80 Lac
Renuka Panch Tattva,1083 sqft,3,₹96 Lac
Punawale,866 sqft,2,₹95 Lac
Royal KP Stellar,750 sqft,2,₹65 Lac
K Shire,790 sqft,2,₹61 Lac
Pyramid Atlante,667 sqft,2,₹70 Lac
Kumar Parth Tower,775 sqft,2,₹85 Lac
Orizzonte,927 sqft,3,₹1.35 Cr
Flamante By VTP Luxe Phase 1,1229 sqft,3,₹1.75 Cr
Nyati Esteban I,830 sqft,2,₹70 Lac
Bella Casa,495 sqft,1,₹39 Lac
Ambrosia Alley,798 sqft,2,₹87 Lac
Unique Legacy,1363 sqft,3,₹72 Lac
The Canary,1370 sqft,3,₹1.80 Cr
Handewadi Pune,686 sqft,2,₹45.9 Lac
Dhayari Pune,456 sqft,1,₹39.1 Lac
Magarpatta Pune,818 sqft,2,₹75 Lac
Dapodi,746 sqft,2,₹65 Lac
Renuka Panch Tattva,787 sqft,2,₹68 Lac
Joyville Hadapsar Annexe,589 sqft,2,₹58 Lac
ARV New Town,839 sqft,3,₹57 Lac
Nyati Esteban II,1450 sqft,3,₹1.18 Cr
Newton Homes,775 sqft,2,₹61 Lac
Nyati Esteban I,1500 sqft,3,₹1.50 Cr
Kharadi Pune,1250 sqft,3,₹1.31 Cr
est,702 sqft,2,₹74 Lac
Balewadi Gaon,1500 sqft,3,₹2 Cr
Puneville,933 sqft,3,₹85 Lac
Kumar Parc Residences,1107 sqft,3,₹1.45 Cr
Kolte-Patil 24k Opula,2167 sqft,4,₹4 Cr
24K Altura,1695 sqft,4,₹2.55 Cr
Erandwane Pune,1629 sqft,3,₹3.17 Cr
Yash Orchid,850 sqft,2,₹1.20 Cr
Gagan Adira,815 sqft,2,₹72 Lac
Nyati Elite,1528 sqft,3,₹1.30 Cr
Belmac Residences,1340 sqft,3,₹2.25 Cr
Yoo Pune,5626 sqft,4,₹7.60 Cr
Kothrud Pune,1216 sqft,4,₹2.08 Cr
Kumar Prithvi Phase II,1141 sqft,3,₹1.30 Cr
jawadi Pune,600 sqft,2,₹81 Lac
Raheja Stellar,2685 sqft,4,₹3.40 Cr
VTP Dolce Vita,756 sqft,2,₹74.8 Lac
Gagan Adira,815 sqft,2,₹75 Lac
Sagitarius Bluegrass Residences,1164 sqft,3,₹2.80 Cr
Royal KP Stellar,1030 sqft,2,₹82 Lac
5 Race Course,1886 sqft,3,₹1.69 Cr
Rahul Downtown,736 sqm,2,₹60 Lac
Sai Vishal Belleza,1150 sqft,3,₹1.10 Cr
oor Famville,927 sqft,3,₹79.1 Lac
K PUNE,812 sqft,2,₹92.5 Lac
Basil Mondale,978 sqft,3,₹83 Lac
Yashada Jubilee Hills,1150 sqft,3,₹1.50 Cr
GK Aarcon,680 sqft,2,₹52 Lac
Venkatesh Erandwane Central,1139 sqft,3,₹2.81 Cr
Pharande Puneville Phase III Cluster A,1162 sqft,3,₹1.15 Cr
Borhade Wadi Pune,1340 sqft,3,₹72 Lac
Mundhwa Pune,1021 sqft,3,₹1.25 Cr
Mhada Colony-Viman Nagar,400 sqft,1,₹47 Lac
e,860 sqft,2,₹1.12 Cr
Sagitarius Bluegrass Residences,1689 sqft,3,₹3.45 Cr
The Balmoral Riverside,1377 sqft,3,₹2.21 Cr
Bramhacorp August Towers,600 sqft,2,₹66 Lac
Treasure Trove,1088 sqft,3,₹1.11 Cr
ANP Universe,1200 sqft,3,₹1.71 Cr
Panchshil Towers,1705 sqft,3,₹3.15 Cr
Tanishq Apartment,850 sqft,2,₹85 Lac
Dosti Greenscapes,682 sqft,2,₹79 Lac
Rohan Abhilasha 3,550 sqft,1,₹47.9 Lac
i Vivante,863 sqft,3,₹78 Lac
Bella Casa Royale,1166 sqft,3,₹1.20 Cr
Panchshil Towers,3405 sqft,4,₹4.10 Cr
Hues Of Sky,1243 sqft,3,₹2.35 Cr
Kalpataru Jade Residences,1750 sqft,3,₹2.75 Cr
Sector 29 Ravet Pune,1003 sqft,3,₹86.5 Lac
Pride Purple Park Connect,625 sqft,2,₹78 Lac
Megapolis,675 sqft,2,₹68 Lac
gton,1460 sqft,4,₹1.35 Cr
The Terraces,1811 sqft,4,₹2.70 Cr
ARV New Town,1070 sqft,3,₹56.5 Lac
Ace Abode,949 sqft,3,₹74 Lac
Avior Up Life Phase 2 Emerald,980 sqft,3,₹67 Lac
Nivasa Elevia,750 sqft,2,₹70 Lac
Koregaon Park Pune,905 sqft,2,₹1.50 Cr
gstown,1300 sqft,3,₹1.69 Cr
Pimple Nilakh,434 sqft,1,₹43.5 Lac
K PUNE,812 sqft,3,₹95.1 Lac
Chandani Chowk,703 sqft,2,₹73 Lac
Pride Purple Park Titan,774 sqft,2,₹74 Lac
Kumar Parc Residences,1100 sqft,3,₹1.40 Cr
The Balmoral Hillside,2521 sqft,4,₹4.50 Cr
Kumar Parth Tower,788 sqft,2,₹82 Lac
a Liva,822 sqft,2,₹86 Lac
Adani Atelier Greens,1268 sqft,3,₹2.04 Cr
VTP Dolce Vita,674 sqft,2,₹77 Lac
Pegasus,750 sqft,2,₹76 Lac
Godrej Forest Grove,630 sqft,2,₹64 Lac
Lodha Panache,875 sqft,2,₹1.02 Cr
Amar Ambience,1950 sqft,3,₹4 Cr
Godrej 24,1138 sqft,3,₹1.32 Cr
Ahura Ecopolitan Phase II,731 sqft,2,₹57.5 Lac
Majestique Marbella,826 sqft,2,₹89.1 Lac
Marvel Zephyr,3455 sqft,4,₹3.65 Cr
Gagan Adira,815 sqft,2,₹65 Lac
Yash Grecia,938 sqft,3,₹65 Lac
Baner Pune,1215 sqft,3,₹1.45 Cr
gton,780 sqft,2,₹67.2 Lac
Nirman Cosmopolis,817 sqft,2,₹87.4 Lac
Vadgaon BK Pune,891 sqft,2,₹89.9 Lac
Tejraj Elevia,1613 sqft,4,₹2.45 Cr
Suyog Space,772 sqft,2,₹84 Lac
Adani Atelier Greens,1150 sqft,2,₹1.95 Cr
Kolte-Patil Green Acre,1500 sqft,3,₹1.45 Cr
Punavale,1748 sqft,4,₹2.15 Cr
Kumar Parth Tower,1080 sqft,3,₹1.18 Cr
Clover Water Garden,2050 sqft,3,₹3.80 Cr
Lodha Panache,1150 sqft,3,₹1.22 Cr
dra Citadel,732 sqft,2,₹88 Lac
est Tathawade Phase 1,470 sqft,1,₹37.8 Lac
Godrej Horizon,850 sqft,2,₹62 Lac
jawadi Pune,481 sqft,1,₹51 Lac
Civcon Residency,1100 sqft,3,₹1.95 Cr
Dhanashree Aanand,725 sqft,2,₹48 Lac
i Grand Bay,1080 sqft,3,₹75 Lac
Livience Aleenta,1500 sqft,3,₹2.40 Cr
a Liva,900 sqft,2,₹68.2 Lac
VTP Dolce Vita,928 sqft,3,₹98 Lac
Kumar Parth Tower,780 sqft,2,₹90 Lac
Kolte Patil Equa Wagholi,787 sqft,2,₹48 Lac
Belmac Residences,1350 sqft,3,₹2.49 Cr
Godrej Skygreens,600 sqft,1,₹43 Lac
e,1190 sqft,3,₹1.44 Cr
Sentosa Ekam,752 sqft,2,₹52 Lac
SKYi Songbirds,1100 sqft,3,₹1.08 Cr
Nyati Era,814 sqft,2,₹71 Lac
Sanskruti Meander,618 sqft,2,₹39.5 Lac
Vertillas,1100 sqft,2,₹1.21 Cr
Vilas Javdekar,810 sqft,2,₹1.02 Cr
jawadi,790 sqft,2,₹80 Lac
Tejraj Elevia,1700 sqft,4,₹2.55 Cr
e,1247 sqft,3,₹1.60 Cr
Majestique Towers,810 sqft,2,₹1.05 Cr
Marvel Enigma,1700 sqft,3,₹2.25 Cr
Sai Vista,850 sqft,2,₹92 Lac
EON Free Zone,960 sqft,2,₹1.50 Cr
Krishna Amorapolis,1021 sqft,3,₹90 Lac
e Hills,1150 sqft,2,₹1.05 Cr
Sutarwadi,936 sqft,3,₹1.15 Cr
Bhumkar Nagar Wakad Pune,420 sqft,1,₹46 Lac
L Axis Pharande Spaces,840 sqft,2,₹79 Lac
Eon Waterfront,3350 sqft,4,₹4.35 Cr
Life Republic Aros,836 sqft,2,₹67.2 Lac
Venkatesh Erandwane Central,1237 sqft,3,₹2.97 Cr
Pride World City,780 sqft,2,₹58.7 Lac
Rohan Abhilasha,1130 sqft,2,₹73 Lac
Gera World of Joy,1650 sqft,2,₹2.22 Cr
10 North,2400 sqft,3,₹2.75 Cr
Marvella,761 sqft,2,₹52.8 Lac
Godrej Prana,830 sqft,2,₹54.6 Lac
Kumar Kruti,910 sqft,2,₹1.10 Cr
Solapur Road Pune,822 sqft,2,₹99 Lac
e Allure,1000 sqft,3,₹1.15 Cr
Adani Atelier Greens,1150 sqft,2,₹1.40 Cr
Nivasa Enchante,780 sqft,2,₹63 Lac
Lunkad Sky Vie,1550 sqft,4,₹2.50 Cr
Yashcon Neon,406 sqft,1,₹60 Lac
Clover Garden,1500 sqft,3,₹1.78 Cr
Gera Isle Royale,2400 sqft,4,₹2.75 Cr
AWHO Vijay Vihar,1500 sqft,3,₹1.02 Cr
VTP Beaumonde,1150 sqft,3,₹1.10 Cr
AWHO Vijay Vihar,1500 sqft,3,₹1.50 Cr
Marvel Zephyr,1750 sqft,3,₹2.55 Cr
Choic Goodwill Metropolis East,693 sqft,2,₹57.8 Lac
anda Skylights,741 sqft,2,₹52 Lac
Wakad Pune,730 sqft,2,₹68.8 Lac
Viman Nagar Pune,410 sqft,1,₹51 Lac
jewadi Rajiv Gandhi Infotech Park Pune,715 sqft,2,₹77 Lac
jewadi Phase 1,975 sqft,3,₹91 Lac
Amar Landmark,3300 sqft,4,₹9 Cr
Koregaon Park Pune,2700 sqft,4,₹4.50 Cr
Amanora Park Town,1670 sqft,3,₹2 Cr
Puneville,800 sqft,2,₹85 Lac
Wakad Pune,1645 sqft,4,₹1.98 Cr
Hues Of Sky,1612 sqft,3,₹3.43 Cr
dra Citadel,1150 sqft,3,₹1.50 Cr
Model Colony,690 sqft,2,₹1.45 Cr
Rakshak Nagar Gold,600 sqft,2,₹64 Lac
Marvel Zephyr,3400 sqft,4,₹4 Cr
Dahanukar Colony,950 sqft,2,₹1.30 Cr
Amanora Gateway Tower 100,3750 sqft,4,₹5.50 Cr
ity,790 sqft,2,₹47 Lac
Zircon,1000 sqft,2,₹1.20 Cr
Yashodhan Society,1250 sqft,3,₹1.35 Cr
e Prolife,855 sqft,2,₹95 Lac
Shubh Nirvana,1250 sqft,3,₹1.70 Cr
Rohan Garima Phase II,1022 sqft,3,₹2.22 Cr
Astoria Royals,780 sqft,2,₹70 Lac
Clover Highlands,2235 sqft,3,₹2.45 Cr
Paranjape Sky One,1920 sqft,4,₹4.75 Cr
Prasun Sarvam,800 sqft,2,₹77 Lac
Kolte Patil Ivy Botanica,1270 sqft,3,₹80 Lac
Orizzonte,950 sqft,3,₹1.25 Cr
Kolte Patil Life Republic,820 sqft,2,₹55 Lac
oor S3 Lifestyle,1250 sqft,3,₹1.05 Cr
Ruby Park,900 sqft,2,₹93 Lac
Forest Trails Highland,2000 sqft,3,₹1.40 Cr
Splender Residency Pune,450 sqft,1,₹48 Lac
Empress Court,1597 sqft,2,₹1.85 Cr
Yuvraj Classic,535 sqft,1,₹41 Lac
Dhayari Phata,1000 sqft,2,₹52 Lac
Nirman Vishnubaug,1200 sqft,3,₹3 Cr
Park Street,1200 sqft,2,₹1.60 Cr
Marvel Ritz,1560 sqft,3,₹2.05 Cr
Vision Ace,800 sqft,3,₹83 Lac
Godrej 24,939 sqft,2,₹1.05 Cr
Sonai Heights,750 sqft,2,₹33 Lac
DMK Stella,500 sqft,1,₹36 Lac
Suyojana Society,1600 sqft,3,₹2.30 Cr
Aditya Apartment Anandnagar,765 sqft,2,₹63 Lac
Katraj Kondhwa Road Pune,420 sqft,1,₹29.1 Lac
Nyati Enclave,1270 sqft,3,₹1.04 Cr
Uttam Nagar Pune,468 sqft,1,₹26.8 Lac
Lunkad Shivpuram,500 sqft,1,₹33.8 Lac
Pimple Saudagar,924 sqft,2,₹87.4 Lac
Little Earth Apartments,787 sqft,2,₹60.5 Lac
YashONE,399 sqft,1,₹26.3 Lac
Nyati Eternity,481 sqft,2,₹43.2 Lac
Kamal Prabha,1100 sqft,3,₹95 Lac
Anand Nagar Mohammed Wadi Pune,750 sqft,2,₹47.7 Lac
Tanish Orchid Phase II,597 sqft,1,₹27.3 Lac
Shirur Pune,400 sqft,1,₹14.5 Lac
Mont Vert Vesta,592 sqft,2,₹42.3 Lac
Address One,562 sqft,2,₹42.8 Lac
e,1250 sqft,2,₹1.74 Cr
Bramha SkyCity,961 sqft,2,₹58 Lac
ARV Imperia,640 sqft,1,₹32 Lac
Tennessee,1300 sqft,3,₹95 Lac
Aundh Pune,1050 sqft,2,₹70 Lac
Wildwoods 2,470 sqft,1,₹38 Lac
Eisha Empire,728 sqft,2,₹55 Lac
Ionia,812 sqft,2,₹59.1 Lac
g B,334 sqft,1,₹55 Lac
Prime Panache A,1358 sqft,3,₹1.27 Cr
2,1570 sqft,3,₹1.50 Cr
Majestique Venice,1045 sqft,2,₹67 Lac
um,1000 sqft,2,₹1.50 Cr
Classic Cuba,1650 sqft,3,₹78 Lac
Mundhwa Pune,444 sqft,1,₹30 Lac
Sara Orchids,891 sqft,2,₹25.5 Lac
Dnyan manjula,580 sqft,1,₹18.3 Lac
um Plus,1345 sqft,3,₹2.02 Cr
Naiknavare Dwarka Township,528 sqft,1,₹18 Lac
Godrej Urban Retreat,51 sqm,2,₹95 Lac
Kairosa,440 sqft,1,₹38.2 Lac
Dimension Ikon,510 sqft,2,₹38 Lac
e apartment,924 sqft,2,₹1.50 Cr
Nilesh Samruddhi,495 sqft,1,₹30 Lac
ikwadi,625 sqft,1,₹35.9 Lac
Urban Gram Chakan,651 sqft,2,₹26.4 Lac
Park Express,788 sqft,2,₹1.40 Cr
Satyam Serenity,482 sqft,1,₹50 Lac
Nere Pune,660 sqft,2,₹38.3 Lac
Shivam Guruvihar,680 sqft,2,₹29.6 Lac
Raje Shivaji Nagar Pune,705 sqft,2,₹58.3 Lac
VTP Blue Waters,650 sqft,2,₹82 Lac
Archana Hill Town,1314 sqft,3,₹92 Lac
Sai Niwas,512 sqft,1,₹21 Lac
Hill View Residency,1650 sqft,3,₹1.14 Cr
Atul Westernhills,620 sqft,2,₹75 Lac
Subhagya Saptarshi Residency Phase I,565 sqft,1,₹39.1 Lac
Himalayan Heights Fatima Nagar,2000 sqft,4,₹2 Cr
Bhoomi Heights Pune,575 sqft,1,₹34.8 Lac
g Field,736 sqft,2,₹60 Lac
Palresha Sankla P S Villa,765 sqft,2,₹45.5 Lac
Namrata Eco Valley,580 sqft,2,₹30 Lac
g,700 sqft,2,₹62.6 Lac
Sai Sayaji Towers,720 sqft,1,₹53.6 Lac
Kumar Palms,550 sqft,1,₹46 Lac
i Sanskruti,1220 sqft,3,₹68 Lac
Westend Village,756 sqft,2,₹1.17 Cr
Prakash Florence,824 sqft,2,₹72.5 Lac
Gera World of Joy,732 sqft,2,₹1.05 Cr
Navyangan,389 sqft,1,₹24.6 Lac
Bhumkar Nagar Wakad Pune,750 sqft,2,₹69 Lac
Pimpri Gaon,580 sqft,1,₹28.5 Lac
Sukhwani Araya,712 sqft,2,₹80 Lac
Godrej Forest Grove,48 sqm,2,₹58 Lac
Aura County,501 sqft,1,₹40 Lac
Ekta Residency,490 sqft,1,₹30 Lac
Celebrations,830 sqft,2,₹37.2 Lac
ARV New Town,784 sqft,2,₹65.1 Lac
Ozone Apartments,535 sqft,1,₹35 Lac
Karia Konark Orchid,804 sqft,1,₹45 Lac
Royal Empire,464 sqft,1,₹39.1 Lac
Majestique Signature Towers,1180 sqft,3,₹1.90 Cr
Avon Vista,1600 sqft,3,₹1.52 Cr
Sukhwani Hermosa Casa,851 sqft,3,₹87.3 Lac
Gupta Cherry Hills,765 sqft,2,₹63.1 Lac
Gandharv Serenity,540 sqft,1,₹60 Lac
Katraj Pune,800 sqft,1,₹37.5 Lac
Parijat Apartment Vadgaon Budruk,950 sqft,2,₹65 Lac
Nyati Eternity,600 sqft,2,₹40 Lac
oor Begonia,640 sqft,2,₹45 Lac
Balewadi Phata,1950 sqft,4,₹3.02 Cr
ity,850 sqft,2,₹94.5 Lac
Nanded Asawari,778 sqft,2,₹78 Lac
Maan Pune,160 sqft,Studio,₹33 Lac
Mitra Mandal Colony,1069 sqft,3,₹1.85 Cr
Ganga Hamlet,2700 sqft,3,₹1.82 Cr
a,2550 sqft,4,₹3.29 Cr
Nyati Estate,1550 sqft,3,₹1.20 Cr
Panchshil Towers,7500 sqft,6,₹9.11 Cr
Godrej Forest Grove,48 sqm,2,₹68 Lac
Bramha Avenue,1310 sqft,3,₹1.25 Cr
Sahakar Nagar Tulshibagwale Colony Pune,754 sqft,2,₹1.20 Cr
Sahyog Park,551 sqft,1,₹39 Lac
AV Bhat Basant Bahar,1950 sqft,4,₹3.70 Cr
Bramha the Collection,790 sqft,2,₹1.07 Cr
Majestique Euriska,807 sqft,2,₹71.4 Lac
Sahyadri Utsav,750 sqft,2,₹45 Lac
Nyati Eternity,836 sqft,2,₹62 Lac
Shantiban,1515 sqft,3,₹1.41 Cr
Jade Residences 2,515 sqft,1,₹34 Lac
Mantri Avenue 1 CHS,1680 sqft,4,₹2.10 Cr
Shapoorji Joyville Hadapsar Annexe,726 sqft,2,₹58.6 Lac
Pradhikaran Nigdi Pune,1473 sqft,3,₹1.20 Cr
Barsana Aangan,630 sqft,1,₹31.6 Lac
Silicon Bay,908 sqft,2,₹1.08 Cr
Oxford Comforts,920 sqft,2,₹80 Lac
Wagholi Pune,450 sqft,1,₹33.7 Lac
Baner Highway Side Rd Pune,950 sqft,3,₹1.30 Cr
Somani Residency,288 sqft,1,₹31.2 Lac
Gera World of Joy,1240 sqft,3,₹1.44 Cr
Meghvarsha,980 sqft,2,₹1.07 Cr
TOPAZ,1315 sqft,3,₹3 Cr
Rohan Park,761 sqft,1,₹60.2 Lac
Amits Montecito,1610 sqft,3,₹3.80 Cr
Aura County,470 sqft,1,₹34 Lac
SKYi Songbirds,485 sqft,1,₹41 Lac
Kakade Paradise,2500 sqft,3,₹4.50 Cr
The Prestige Avenue,788 sqft,2,₹90 Lac
Rama Richwood,950 sqft,2,₹63.5 Lac
Moshi Pune,636 sqft,2,₹45 Lac
Urban Gram Pirangut,931 sqft,3,₹49.7 Lac
davan,644 sqft,2,₹42 Lac
Amit Colori Phase II,580 sqft,2,₹52 Lac
Bhugaon,498 sqft,1,₹43.7 Lac
Jambhulkar Mala,761 sqft,2,₹91.5 Lac
Godrej Rejuve,1051 sqft,3,₹1.10 Cr
Amanora Gateway Towers 98 And 99,1785 sqft,3,₹3.95 Cr
Venkatesh Galaxy,370 sqft,1,₹35.8 Lac
Bavdhan Pune,400 sqft,1,₹42 Lac
Mantra Insignia,726 sqft,2,₹66 Lac
Siddhagiri Apartment,800 sqft,2,₹65 Lac
Sun Exotica,824 sqft,2,₹53 Lac
Star City,750 sqft,2,₹41.9 Lac
ess Hub Varve,650 sqft,2,₹31.3 Lac
Majestique Aqua,700 sqft,1,₹33 Lac
Yashashree,600 sqft,1,₹55 Lac
Sai Dwarka,599 sqft,2,₹44 Lac
29 Gold Coast,714 sqft,2,₹65.8 Lac
Shree Samarth Residency,550 sqft,1,₹34 Lac
davan,500 sqft,1,₹32 Lac
Mangalya,700 sqft,2,₹55 Lac
Aura County,400 sqft,1,₹34 Lac
Sobha Carnation,2800 sqft,4,₹2.30 Cr
e Hills,700 sqft,2,₹44 Lac
Aqua Blue,513 sqft,1,₹45.1 Lac
Aayush Park Phase 2,410 sqft,1,₹23 Lac
Manas Valley,448 sqft,1,₹29.6 Lac
River Residency,576 sqft,1,₹30.1 Lac
Little Earth,679 sqft,2,₹72 Lac
Hill Shire,750 sqft,2,₹50 Lac
SKYi Songbirds,586 sqft,1,₹41 Lac
Lullanagar Pune,1200 sqft,3,₹1.17 Cr
Golden Nest,750 sqft,2,₹51.2 Lac
Damodar Vihar,412 sqft,1,₹29.4 Lac
Dhanori Pune,600 sqft,1,₹42 Lac
Krishna Kunj,880 sqft,2,₹90 Lac
Salunke Vihar Road Pune,1000 sqft,2,₹90 Lac
The Leaf,751 sqft,2,₹49.3 Lac
chwad Pune,3200 sqft,4,₹5.52 Cr
Sampanna Homes,718 sqft,2,₹43.7 Lac
Oxy Galaxy,729 sqft,2,₹38.5 Lac
Warje Pune,480 sqft,1,₹32 Lac
Godrej Horizon,450 sqft,1,₹31.6 Lac
Gokul Nagar Dhanori Pune,850 sqft,1,₹38.2 Lac
Regent Hills,570 sqft,1,₹29.4 Lac
Advika Phase I,470 sqft,1,₹29 Lac
Noble Niwas,1317 sqft,4,₹2.14 Cr
Pashan Pune,500 sqft,1,₹55 Lac
Viento,410 sqft,1,₹24.4 Lac
Ganesh Residency,928 sqft,2,₹1.08 Cr
Project Clover Village,1000 sqft,2,₹1.40 Cr
Suyash Greens,1020 sqft,3,₹65 Lac
Atria Grande,1150 sqft,2,₹70 Lac
Sara City,836 sqft,2,₹32 Lac
Magnum Lifestyle,500 sqft,1,₹40 Lac
Ghotawade Phata Pune,403 sqft,1,₹25 Lac
Kharadi Pune,3000 sqft,3,₹1.62 Cr
Aundh Pune,1200 sqft,3,₹2.30 Cr
ds C1 & C2,606 sqft,1,₹26 Lac
Godrej Parkridge,600 sqft,2,₹59.2 Lac
Suryaprabha Garden,750 sqft,2,₹89.3 Lac
Lohegaon Pune,540 sqft,1,₹20 Lac
Vilas Portia,2245 sqft,4,₹4.25 Cr
Imperial Towers,1071 sqft,2,₹84.6 Lac
Kolte Patil 24K Stargaze,1751 sqft,4,₹2.45 Cr
Bhikansheth Park,625 sqft,2,₹50 Lac
Baner Pune,750 sqft,2,₹77 Lac
Mutha Kamdhenu Park,580 sqft,1,₹20 Lac
shreenivas apartment dattawadi Pune,745 sqft,2,₹68.8 Lac
Pirangut Pune,585 sqft,1,₹25.8 Lac
Mandai,530 sqft,1,₹55.8 Lac
Dreams Wisteria,450 sqft,1,₹30 Lac
Chakan Pune,600 sqft,1,₹27.9 Lac
Akshay Apartment,542 sqft,1,₹46 Lac
Dhankawadi Pune,450 sqft,1,₹40 Lac
400 Mangalwar peth Pune,600 sqft,1,₹50 Lac
Regulus,964 sqft,3,₹1.26 Cr
Talegaon Dabhade Pune,1050 sqft,2,₹32 Lac
Mangalya Sadan Pune,736 sqft,2,₹1.50 Cr
ceton Flair Cooperative Society,2200 sqft,2,₹2.50 Cr
Neeti ShreeLeela,1005 sqft,2,₹65 Lac
Hadapsar Pune,635 sqft,2,₹30 Lac
Mantra Montana,741 sqft,2,₹63 Lac
Chakan Pune,939 sqft,2,₹40 Lac
Rajveer Galaxy,850 sqft,2,₹55.8 Lac
Audi Arcade,950 sqft,2,₹73.3 Lac
Ganga Amber,756 sqft,2,₹69 Lac
Tanish Orchid Phase II,400 sqft,1,₹35 Lac
Bramha Sun City Phase 2,2200 sqft,4,₹3 Cr
Raj Vimal Terraces Bawdhan,950 sqft,2,₹75 Lac
g Glory Co Operative Society,550 sqft,1,₹45 Lac
YashOne Wakad Central,725 sqft,2,₹1 Cr
Gulmohar Society,1200 sqft,3,₹1.60 Cr
SKYi Star Town,724 sqft,3,₹60 Lac
Radhika Residency,784 sqft,2,₹73 Lac
Narmada park,516 sqft,1,₹25 Lac
Vision Starwest,624 sqft,2,₹67 Lac
Enerrgia Skyi Manas Lake,700 sqft,2,₹59.2 Lac
Teerth Towers,780 sqft,2,₹85 Lac
Raheja Gardens,535 sqft,1,₹50 Lac
Acme ACME Selene,900 sqft,2,₹39 Lac
Blue Ridge,1040 sqft,2,₹1.21 Cr
Shri Renuka Vanshri Mamurdi,433 sqft,1,₹30 Lac
Shree Dhareshwar Angan,643 sqft,1,₹32.2 Lac
Shivane Pune,540 sqft,1,₹22 Lac
Ajmera Aria,5850 sqft,4,₹16 Cr
Sector Number 27 Nigdi Pune,902 sqft,2,₹1.18 Cr
Nanded Pune,750 sqft,2,₹90 Lac
Godrej Boulevard,691 sqft,2,₹75 Lac
S L P Jubilee Park,943 sqft,2,₹79.9 Lac
Zircon,1250 sqft,3,₹1.56 Cr
VTP Cygnus,350 sqft,1,₹48 Lac
Ganga Amber,636 sqft,2,₹75 Lac
Suraj Homes,615 sqft,1,₹21.6 Lac
Prasun Savoy,700 sqft,2,₹65 Lac
Onella Nest,952 sqft,2,₹63.9 Lac
Sadashiv Peth Pune,1580 sqft,3,₹2.55 Cr
Hari Ganga,900 sqft,2,₹1.10 Cr
The House of Lords,3440 sqft,4,₹3.60 Cr
Shikrapur Pune,602 sqft,2,₹20.2 Lac
Kolte Patil IVY Apartment,1200 sqft,2,₹78 Lac
itee Phase II,700 sqft,2,₹67 Lac
Aswani Galaxy,450 sqft,1,₹39 Lac
Kolte Patil Ivy Estates Phase 2,1257 sqft,3,₹1.15 Cr
Shubh Aaugusta,870 sqft,2,₹85 Lac
Vilas Portia,2245 sqft,5,₹3.60 Cr
Silver Mist,810 sqft,2,₹65 Lac
ation Memoir,596 sqft,1,₹55 Lac
Kumar Puram,700 sqft,2,₹1.65 Cr
o,484 sqft,1,₹20.2 Lac
gre Nagar Pune,1200 sqft,3,₹1.35 Cr
Dhanashree Aangan,460 sqft,1,₹26 Lac
jawadi,660 sqft,2,₹71 Lac
Nalanda Nagari,465 sqft,1,₹34 Lac
Tatva,785 sqft,2,₹90 Lac
Salarpuria Sattva HM Royal,840 sqft,2,₹76.4 Lac
Konark Indrayu Enclave II,1390 sqft,3,₹1.65 Cr
Lonkar Nagar,700 sqft,2,₹35 Lac
Apostrophe,1250 sqft,3,₹1.35 Cr
Amanora Gateway Towers,900 sqft,2,₹1.65 Cr
Marvel Zephyr,1700 sqft,3,₹2.30 Cr
ALOHA,770 sqft,2,₹65 Lac
Nanded City,1265 sqft,3,₹1.30 Cr
Mont Vert Grande,1200 sqft,3,₹1.50 Cr
Namrata Magic,1200 sqft,3,₹1.15 Cr
gston,1140 sqft,2,₹72 Lac
Aditya Comfort Zone,1150 sqft,3,₹1.35 Cr
Premia,430 sqft,1,₹36 Lac
Samrudhi,462 sqft,1,₹18.9 Lac
Velstand Phase 2,1120 sqft,3,₹1.57 Cr
Rohan Mithila,978 sqft,2,₹1.15 Cr
Eka Elitas,1700 sqft,4,₹3 Cr
Geras Emerald City South,950 sqft,2,₹90 Lac
Bramha Sun City Phase II,1650 sqft,4,₹1.90 Cr
Orizzonte,953 sqft,3,₹1.35 Cr
Florencia Apartment,790 sqft,2,₹75 Lac
dra Lifespaces Centralis,427 sqft,1,₹53.1 Lac
agar,2000 sqft,4,₹1.35 Cr
um,1300 sqft,3,₹2 Cr
Rahul Downtown,809 sqft,2,₹61.5 Lac
Wagholi Pune,1245 sqft,3,₹1.35 Cr
Pate Vikrant,1097 sqft,3,₹2.10 Cr
Puraniks Abitante Fiore,489 sqft,1,₹48.5 Lac
o Commercial,1450 sqft,3,₹1.90 Cr
Chaitraban Residency,950 sqft,3,₹1.17 Cr
Undri Pune,753 sqft,2,₹50 Lac
Castel Royale Excellente,3500 sqft,4,₹7.49 Cr
Gagan Adira,815 sqft,2,₹70.9 Lac
Salunke Vihar Road Pune,580 sqft,1,₹44 Lac
Ira,980 sqft,3,₹65 Lac
Vitthal Sanskruti,730 sqft,2,₹41 Lac
ity,520 sqft,1,₹50 Lac
dermere,2876 sqft,4,₹7.99 Cr
o,954 sqft,2,₹1.25 Cr
e Pro Life,1200 sqft,3,₹1.29 Cr
Pride World City,726 sqft,2,₹57.5 Lac
Horizons,747 sqft,2,₹76 Lac
VTP Urban Soul,500 sqft,1,₹55 Lac
Godrej Rejuve,1050 sqft,3,₹1.12 Cr
Miami Apartment,800 sqft,2,₹80 Lac
Taneshq Jewel,760 sqft,2,₹56 Lac
Pride Purple Park Connect,751 sqft,2,₹67 Lac
Costa Rica,830 sqft,2,₹87 Lac
Shagun Eternelle,2700 sqft,4,₹4 Cr
ental Swapna Nagari,550 sqft,2,₹26.8 Lac
Orizzonte,732 sqft,2,₹1 Cr
Hadapsar Industrial Estate Pune,734 sqft,2,₹72.5 Lac
Lunkad Sky Lounge,1800 sqft,3,₹2.20 Cr
Golden Trellis,1265 sqft,3,₹1.55 Cr
Wagholi Pune,646 sqft,2,₹45 Lac
Bella Casa,830 sqft,2,₹68 Lac
GK Roseland Residency,800 sqft,2,₹80 Lac
Lodha Belmondo St Andrews B and C and D,500 sqft,1,₹60 Lac
Rajaveer Palace Phase I,820 sqft,2,₹87 Lac
e Prolife,1250 sqft,3,₹1.30 Cr
Sukhwani Celaeno,1050 sqft,3,₹1.29 Cr
Marvel Piazza,2000 sqft,3,₹3.23 Cr
Vilas Javdekar,800 sqft,2,₹1.02 Cr
Kolte Patil Life Republic,850 sqft,2,₹72 Lac
Lunkad Queensland,580 sqft,1,₹60 Lac
Lodha Bella Vita,814 sqft,2,₹99 Lac
K Shire,1067 sqft,3,₹1.04 Cr
Bella Casa II,900 sqft,2,₹78 Lac
Rohan Abhilasha,650 sqft,1,₹35.5 Lac
oor Presidentia,1100 sqft,2,₹83 Lac
Rose Woods,1100 sqft,3,₹1.20 Cr
SHREE MAA CO OP HOUSING SOCIETY,850 sqft,2,₹1.30 Cr
Marvel Bounty Phase 2,6397 sqft,5,₹4.99 Cr
Shubh Gateway,1355 sqft,3,₹1.50 Cr
Aditi Apartment,1000 sqft,3,₹2.25 Cr
Nandan Inspera,920 sqft,2,₹92 Lac
Sus Pune,788 sqft,2,₹84 Lac
Kalpataru Jade Residences,2650 sqft,5,₹4.75 Cr
Kunal Iconia,1251 sqft,3,₹75 Lac
Bramha Emerald County,1250 sqft,2,₹80 Lac
ArcVista,711 sqft,2,₹48 Lac
Atul Hill View Residency,675 sqft,2,₹78 Lac
Nandan Inspera,930 sqft,2,₹95 Lac
Marvel Elan,3000 sqft,4,₹9 Cr
ent,1121 sqft,3,₹1.26 Cr
Bhagwan Tatyasaheb Kawade Road Pune,887 sqft,2,₹82 Lac
Nyati Esteban I,920 sqft,2,₹94 Lac
Aditya Comfort Zone,1400 sqft,3,₹1.38 Cr
Krishna Amorapolis,704 sqft,2,₹68 Lac
Godrej Greens,576 sqft,2,₹54 Lac
iwas Serene County,504 sqft,2,₹45 Lac
Kolte Patil Ivy Estate,700 sqft,1,₹36 Lac
Lodha Belmondo Augusta,500 sqft,Studio,₹55 Lac
Bramha SkyCity,750 sqft,2,₹66 Lac
Majestique Euriska,817 sqft,2,₹66 Lac
Kolte Patil Elburz Hills And Dales,1293 sqft,3,₹1.29 Cr
Kolte Downtown Cheryl,840 sqft,2,₹1 Cr
ity Towers,1565 sqft,3,₹2.15 Cr
Tanishq Srushti,500 sqft,1,₹25 Lac
NIBM Road Pune,988 sqft,2,₹88 Lac
Elena Homes,694 sqft,2,₹55 Lac
Zen Estate,747 sqft,2,₹97 Lac
K Raheja Gardens,800 sqft,2,₹70 Lac
Aundh Gaon,1187 sqft,3,₹2.20 Cr
Kolte Patil Life Republic Sector R7 7th Avenue I Towers,1260 sqft,3,₹1 Cr
Rahul Arcus,2136 sqft,4,₹2.50 Cr
Manohar Residency,2800 sqft,4,₹3.51 Cr
Ekdant Corner,400 sqft,1,₹25 Lac
Shagun Society,790 sqft,2,₹54 Lac
Shivalaya Society,940 sqft,2,₹60 Lac
Balewadi Pune,845 sqft,2,₹75 Lac
Pate Vikrant,1500 sqft,3,₹2.10 Cr
Koregaon Park,800 sqft,2,₹1.30 Cr
g Landscapes,1050 sqft,2,₹73 Lac
Shree Apartment,460 sqft,1,₹53 Lac
Amanora Future Towers Phase 1,610 sqft,1,₹63 Lac
The Balmoral Riverside,1890 sqft,4,₹2.88 Cr
Model Colony,2800 sqft,4,₹8.14 Cr
Sensorium,789 sqft,2,₹82 Lac
Sagitarius Bluegrass Residences,2212 sqft,4,₹5 Cr
Ekta California,2950 sqft,4,₹2.35 Cr
Prabhat Road Pune,1294 sqft,4,₹3.25 Cr
tamani Residency,1050 sqft,3,₹1.30 Cr
Rahul Arcus,1947 sqft,3,₹2.70 Cr
Baner Pune,1222 sqft,3,₹1.17 Cr
Yashraj Nakshatra,665 sqft,2,₹45 Lac
Dosti Greenscapes,679 sqft,2,₹58 Lac
Ravet,585 sqft,2,₹53 Lac
Dattawadi Pune,1015 sqft,3,₹1.47 Cr
Park Xpress II,1192 sqft,3,₹1.95 Cr
Colonnade,750 sqft,2,₹80 Lac
Sunshree Kangan,900 sqft,2,₹71 Lac
Bhujbal Township,962 sqft,2,₹1.45 Cr
Chaitraban Residency,781 sqft,3,₹1.50 Cr
Imperial Towers,700 sqft,2,₹72 Lac
Gera World of Joy,1210 sqft,3,₹1.75 Cr
e,1660 sqft,3,₹1.55 Cr
Nanded City,785 sqft,2,₹1.49 Cr
Ravet,800 sqft,2,₹55 Lac
Koregaon Park Pune,3800 sqft,4,₹9 Cr
Pirangut Pune,590 sqft,1,₹19.8 Lac
Forest County,1550 sqft,3,₹2.50 Cr
Fursungi Pune,462 sqft,1,₹15 Lac
Apex Colony,1200 sqft,3,₹2.60 Cr
Aurum Elementto,720 sqft,2,₹41 Lac
Pashan Pune,780 sqft,2,₹62 Lac
Sopan Baug Pune,781 sqft,2,₹1.16 Cr
Krishna Amorapolis,750 sqft,2,₹68 Lac
Hadapsar Gaon,500 sqft,1,₹40 Lac
Aeropolis Phase II,850 sqft,3,₹81 Lac
Dahanukar Dahanukar Colony,815 sqft,2,₹1.50 Cr
Raheja Reserve,825 sqft,2,₹98 Lac
Mount N Glory,740 sqft,2,₹78 Lac
Kumar Puram,900 sqft,2,₹1.65 Cr
Bavdhan Pune,818 sqft,2,₹88.5 Lac
The Parkland,971 sqft,2,₹1.16 Cr
Kondhwa Pune,1500 sqft,4,₹1.70 Cr
Mystique Moods,1250 sqft,3,₹1.68 Cr
Amanora Park Town Pune,750 sqft,2,₹66 Lac
Castle CHS,402 sqft,1,₹52 Lac
Amanora Metro Towers,300 sqft,Studio,₹38 Lac
dra Citadel,730 sqft,2,₹87 Lac
Gera World of Joy,740 sqft,2,₹1 Cr
High Mount Phase 2,950 sqft,2,₹62 Lac
Pan Card Club Road Pune,1576 sqft,3,₹2.23 Cr
Trendy Tower,700 sqft,2,₹80 Lac
Magarpatta City Roystonea,1500 sqft,3,₹1.99 Cr
Paranjape Abhiruchi Parisar,700 sqft,2,₹75 Lac
Mayur Colony Kothrud Pune,1220 sqft,4,₹2.30 Cr
F Residences,750 sqft,2,₹1.15 Cr
GPL Audumber,1279 sqft,3,₹1.30 Cr
Saad,650 sqft,2,₹58 Lac
Aura City,755 sqft,2,₹29.4 Lac
Godrej Park Greens,601 sqft,3,₹70.5 Lac
Tanish Orchid,460 sqft,1,₹33 Lac
AWHO Vijay Vihar,1775 sqft,3,₹1.18 Cr
Wellwisher Aairah Terrazo,1300 sqft,3,₹1.93 Cr
Laxmi Nagar Balewadi Pune,1375 sqft,3,₹2.35 Cr
Sadguru Empire,978 sqft,3,₹76 Lac
Lake Town,1156 sqft,2,₹1.25 Cr
Bhosale Nagar Pune,850 sqft,2,₹1.55 Cr
Mantra Monarch,990 sqft,3,₹1.30 Cr
Kolte Patil 24k Sereno,1240 sqft,3,₹1.78 Cr
Panchshil Towers,2600 sqft,4,₹4.10 Cr
Chidanand Height,813 sqft,2,₹42.8 Lac
Oxford Comforts,920 sqft,2,₹66 Lac
Ganga Vatika,580 sqft,1,₹22 Lac
Raviraj Greenaria Pune,987 sqft,2,₹53.9 Lac
Suvidha Vrundavan,900 sqft,2,₹26.3 Lac
Godrej Boulevard,550 sqft,1,₹43 Lac
Balaji Paradise,776 sqft,2,₹51 Lac
Kalpataru Jade Residences,2600 sqft,4,₹5.15 Cr
Karma Iconic,760 sqft,2,₹45.6 Lac
Xrbia Ambi,230 sqft,1,₹16 Lac
Saubhagya Residency,900 sqft,2,₹54 Lac
iums,2400 sqft,4,₹4.25 Cr
Chavan Bagh Pune,800 sqft,2,₹61 Lac
Rohan Abhilasha,550 sqft,1,₹44 Lac
Baner Pune,1600 sqft,3,₹2.50 Cr
Amanora Gold Towers,810 sqft,2,₹96 Lac
Meadows Habitat,800 sqft,2,₹83.7 Lac
Kalbhor Lake Paradise,1136 sqft,3,₹58 Lac
Silver Oak,2100 sqft,3,₹2.15 Cr
Kothrud Pune,1900 sqft,3,₹3.85 Cr
Kanak Residency,801 sqft,2,₹61 Lac
e Prolife,1150 sqft,3,₹1.30 Cr
Salisbury Park,1800 sqft,3,₹2.75 Cr
Sai Ganga,686 sqft,2,₹27.5 Lac
g,1100 sqft,2,₹85 Lac
Wagholi Pune,750 sqft,2,₹72 Lac
Raheja Reserve,825 sqft,2,₹89 Lac
Rohan Abhilasha,1200 sqft,3,₹1.40 Cr
Silver Palm Grove,900 sqft,2,₹81 Lac
Kalaapi Sucasa Phase I,1100 sqft,2,₹88 Lac
Rohan Mithila,1292 sqft,2,₹1.30 Cr
Majestique Towers,980 sqft,3,₹1.32 Cr
Godrej Hillside,850 sqft,2,₹85 Lac
Kundan The Peak,1155 sqft,3,₹1.75 Cr
7 Avenues,840 sqft,2,₹85 Lac
oor Ambrosia,900 sqft,2,₹54 Lac
Talegaon Chakan Road Pune,600 sqft,2,₹27.6 Lac
Kolte Patil 24K Atria,2668 sqft,4,₹5.05 Cr
Florida River Bank,750 sqft,2,₹72 Lac
Porwal Road Residential,972 sqft,2,₹81 Lac
Nyati Evita,755 sqft,2,₹81.9 Lac
Bhakti Pride Apartment,1226 sqft,3,₹80 Lac
P S Villa,550 sqft,1,₹42 Lac
The Canary,1371 sqft,3,₹1.95 Cr
Ajmera Aria,5000 sqft,4,₹16 Cr
Mittal Sun Grandeur,1450 sqft,3,₹1.61 Cr
Yogesh Gandharv Excellencee,650 sqft,1,₹32.6 Lac
Treedom Park,1280 sqft,2,₹83.7 Lac
Vertical Oriana,836 sqft,2,₹86 Lac
Kesnand Pune,306 sqft,1,₹24.2 Lac
33 keshavkunj,1257 sqft,2,₹90 Lac
Rio Vista,723 sqft,2,₹33.8 Lac
Panchawati,550 sqft,1,₹38 Lac
Godrej Nurture,695 sqft,2,₹63.2 Lac
Shubham Society,1404 sqft,3,₹1.50 Cr
dsor Avenue,2085 sqft,5,₹3.50 Cr
e City BEF,650 sqft,2,₹32 Lac
oor Courtyard One,1250 sqft,3,₹1 Cr
DSK Garden Enclave,1077 sqft,2,₹74 Lac
Nirman Brookefield Willows,430 sqft,1,₹30.9 Lac
Godrej Boulevard,642 sqft,2,₹84 Lac
Amit Bloomfield,900 sqft,2,₹77.1 Lac
Megapolis Sunway,804 sqft,2,₹65 Lac
Sanjuda Complex,576 sqft,1,₹27.3 Lac
VTP Earth One,1250 sqft,3,₹1.50 Cr
Godrej Boulevard,691 sqft,2,₹79.1 Lac
Aaiji Crystal,883 sqft,2,₹1.02 Cr
Vishhram Daffodils,437 sqft,1,₹20.9 Lac
Kalash Trove,1367 sqft,3,₹2.60 Cr
One North,4500 sqft,4,₹6.75 Cr
Sai Nagar Lohegaon Pune,481 sqft,1,₹27 Lac
um,1200 sqft,3,₹1.50 Cr
Amrut Ganga,800 sqft,2,₹1.50 Cr
Naren Hills,1250 sqft,3,₹85 Lac
Bhide Giri Darshan Apartment,460 sqft,1,₹24 Lac
Kul Utsav,473 sqft,2,₹45 Lac
Godrej Prana,851 sqft,2,₹56 Lac
d Park,760 sqft,2,₹47.8 Lac
hgad Road Pune,1250 sqft,3,₹1.18 Cr
Talegaon Dhamdhere Road Pune,393 sqft,1,₹21 Lac
k Road Pune,1095 sqft,2,₹90 Lac
Fergusson College Road Pune,1200 sqft,3,₹2.14 Cr
Tanish Orchid,500 sqft,1,₹34.8 Lac
Rohan Palace,500 sqft,1,₹45 Lac
Wagholi Pune,400 sqft,1,₹30.9 Lac
Sukhsagar Nagar Katraj Pune,616 sqft,1,₹35 Lac
Chirag Grande View 7,430 sqft,1,₹47 Lac
The Palazzo,600 sqft,2,₹83 Lac
gston Elysia,800 sqft,2,₹38 Lac
Pisoli Pune,981 sqft,3,₹60 Lac
Dwarka City,421 sqft,1,₹15.3 Lac
Madhuban Society,850 sqft,2,₹67 Lac
ABIL Imperial Atria,1200 sqft,2,₹1.29 Cr
Abhimaan Homes,615 sqft,2,₹34.8 Lac
Rohan Radhika Apartment,555 sqft,1,₹35.7 Lac
P S Villa,560 sqft,1,₹45 Lac
Talegaon Dabhade Pune,496 sqft,1,₹30 Lac
Shirwal Pune,854 sqft,2,₹27 Lac
Kanchan Vrundavan,761 sqft,2,₹32.9 Lac
Kondhwa BK Pune,1500 sqft,3,₹1.80 Cr
Vanashree Apartment,320 sqft,1,₹35 Lac
Amanora Gateway Tower 100,1163 sqft,3,₹2.60 Cr
Prabhat Road Pune,2441 sqft,4,₹5.60 Cr
Balaji Tower,685 sqft,1,₹26 Lac
oor Majesty,1035 sqft,2,₹46 Lac
Bella Arwana Phase 1,700 sqft,2,₹1 Cr
Venerable Apartments,510 sqft,1,₹36 Lac
GT Royal Palms,990 sqft,4,₹67.5 Lac
Anand Nagar Pune,836 sqft,2,₹1.10 Cr
Raviwar Peth Pune,600 sqft,1,₹55 Lac
Dreams Wisteria,484 sqft,1,₹25.1 Lac
Panmala,1040 sqft,2,₹1.46 Cr
Park Landmark,1251 sqft,3,₹1.80 Cr
Mahalaxmi Manomay Residency,700 sqft,2,₹63.7 Lac
Rohan Abhilasha 2,450 sqft,1,₹45 Lac
Popular Heights,1080 sqft,2,₹90 Lac
Kumar Sophronia,1300 sqft,3,₹1.64 Cr
Mont Vert Vesta,611 sqft,2,₹37.6 Lac
Undri Pune,680 sqft,1,₹39 Lac
Vikas Nagar Road Pune,700 sqft,2,₹35 Lac
Empire Estate Federation 2,700 sqft,2,₹96 Lac
Treedom Park,2700 sqft,5,₹3.40 Cr
Mountscape,445 sqft,1,₹27.9 Lac
Reputed Harsh Vihar,836 sqft,2,₹88.4 Lac
Neelaya,436 sqft,1,₹29.5 Lac
Bhumkar Nagar Wakad Pune,720 sqft,2,₹80 Lac
Guruwar Peth Pune,530 sqft,1,₹44 Lac
Lokmangal KDR Group Enclave,440 sqft,1,₹25 Lac
Pirangut Pune,738 sqft,2,₹39 Lac
Hadapsar Pune,500 sqft,1,₹41.4 Lac
Clover Belvedere,3200 sqft,4,₹4.47 Cr
Kolte Patil Ivy Estate,1055 sqft,3,₹1.25 Cr
K Raheja Viva,1200 sqft,2,₹1.30 Cr
Sara Orchids,524 sqft,1,₹28 Lac
Sai Sadan Apartment Dhankawadi,760 sqft,2,₹37.9 Lac
Rawat Capstone,950 sqft,2,₹72 Lac
Green Hive,450 sqft,1,₹28 Lac
Godrej Elements,1168 sqft,3,₹1.50 Cr
Marvel Azure,950 sqft,2,₹1.15 Cr
Mathwad prangan Pune,1050 sqft,2,₹1.20 Cr
Tanish Vikas,451 sqft,1,₹29.5 Lac
Talegaon Dabhade Pune,600 sqft,1,₹22 Lac
Talegaon Dabhade Pune,830 sqft,2,₹36 Lac
chwad New Township Development Authority,950 sqft,2,₹1.10 Cr
Ace Aastha,300 sqm,1,₹31 Lac
Akurdi Pune,380 sqft,1,₹24 Lac
Lohegaon Pune,465 sqft,1,₹32 Lac
Amanora Gateway Towers,1170 sqft,2,₹1.80 Cr
Chakan Pune,333 sqft,1,₹28 Lac
Dighi Pune,624 sqft,1,₹31 Lac
Ashtekar Silver Oak,1000 sqft,2,₹76 Lac
pune west Pune,900 sqft,3,₹65 Lac
Nilesh K A,1925 sqft,4,₹3.87 Cr
Narhe Pune,702 sqft,1,₹32 Lac
Swami Vivekanand Nagar Pune,1000 sqft,1,₹32.2 Lac
Relive Chaitraban Residency,600 sqft,1,₹24.2 Lac
Craft Apartment,460 sqft,1,₹50 Lac
Soham Riveria,995 sqft,3,₹1.35 Cr
Hill Mist Harmony,520 sqft,1,₹45 Lac
Gera World of Joy,1650 sqft,4,₹2 Cr
Jayant Krishna Residency,913 sqft,2,₹78.5 Lac
Sara City C,775 sqft,2,₹28 Lac
Marvel Imperial,4100 sqft,4,₹6 Cr
Acolade,1250 sqft,2,₹97 Lac
Dreams Ayana,650 sqft,2,₹32 Lac
Karia Konark Orchid,1200 sqft,3,₹1.15 Cr
Anika Piccadilly,783 sqft,2,₹68 Lac
Sadashiv Peth Pune,420 sqft,1,₹65 Lac
Mundhwa Pune,687 sqft,2,₹61 Lac
Belmac Residences,1490 sqft,3,₹2.43 Cr
e Greens,1000 sqft,3,₹1.50 Cr
Empire Square,1200 sqft,3,₹1.45 Cr
Kolte-Patil Green Acre,1100 sqft,2,₹1.15 Cr
Amanora Gold Towers,720 sqft,2,₹93 Lac
Aksha Vrundavan,670 sqft,2,₹47 Lac
Clover Village Villa,1100 sqft,2,₹1.05 Cr
Trimurti,750 sqft,2,₹70 Lac
Nyati Eternity,500 sqft,1,₹38 Lac
Daffodils Avenue,763 sqft,2,₹39 Lac
Ashirwad Heritage,480 sqft,1,₹30.1 Lac
Baner Pune,980 sqft,2,₹98 Lac
Amanora Gold Towers,500 sqft,1,₹58 Lac
jewadi Rajiv Gandhi Infotech Park Pune,450 sqft,1,₹45 Lac
Patil Nagar Balewadi Pune,1405 sqft,3,₹2.75 Cr
Mont Vert Biarritz 2,1230 sqft,3,₹1.50 Cr
VTP Urban Space,2500 sqft,4,₹2.25 Cr
Krishna Amorapolis,1021 sqft,3,₹75 Lac
hgad Road Pune,772 sqft,2,₹1.10 Cr
Naren Bliss,855 sqft,2,₹95 Lac
Sagitarius Bluegrass Residences,1164 sqft,3,₹2.10 Cr
Sai Fortune,640 sqft,2,₹48 Lac
Majestique Rhythm County,892 sqft,3,₹65 Lac
Baner Pune,922 sqft,3,₹1.09 Cr
Gera World of Joy,1200 sqft,3,₹1.75 Cr
SURBHI MANGALAM,665 sqft,2,₹55 Lac
Nanded City,1100 sqft,3,₹1.25 Cr
Vanshaj Kiona,1200 sqft,3,₹1.05 Cr
Amits Montecito,1610 sqft,3,₹3.50 Cr
Abhimaan,600 sqft,2,₹30 Lac
Nyati Era,608 sqft,1,₹49 Lac
Cosmos,950 sqft,2,₹1 Cr
Magarpatta City Iris,1000 sqft,2,₹1.10 Cr
24K Manor,2898 sqft,5,₹4.39 Cr
Majestique Marbella,808 sqft,2,₹96 Lac
Eiffel City,661 sqft,3,₹36 Lac
VTP Dolce Vita,750 sqft,2,₹75.5 Lac
Handewadi Road Pune,740 sqft,2,₹59.9 Lac
Ambegaon BK Pune,600 sqft,1,₹40 Lac
Bhugaon,570 sqft,1,₹30.8 Lac
gston Aura,1125 sqft,2,₹45 Lac
Green City,700 sqft,2,₹43.5 Lac
Lodha Bella Vita,810 sqft,2,₹95 Lac
Silver Oak,1090 sqft,2,₹1.55 Cr
ArcVista,800 sqft,2,₹65 Lac
Krishna Amorapolis,1050 sqft,2,₹65 Lac
Law College Road Pune,875 sqft,2,₹2.05 Cr
e Prolife,674 sqft,2,₹95 Lac
Royal Oak,711 sqft,2,₹69 Lac
Green Hive,480 sqft,1,₹30.6 Lac
Sun Exotica,750 sqft,2,₹52 Lac
Marvel Ritz,3825 sqft,5,₹3.30 Cr
e Hills,485 sqft,1,₹26.2 Lac
Clover Belvedere,3050 sqft,4,₹4.95 Cr
Vishal Srushti,600 sqft,1,₹40 Lac
Ganga Osian Park,982 sqft,2,₹61 Lac
Aditya Complex,1008 sqft,2,₹72 Lac
Nyati Elysia,1181 sqft,3,₹1.80 Cr
Pride Valencia,1200 sqft,3,₹1.80 Cr
DP Road Pune,1865 sqft,3,₹2.20 Cr
K Raheja Gardens,850 sqft,2,₹98 Lac
Sanskriti,826 sqft,2,₹90 Lac
Godrej Rejuve,703 sqft,2,₹77 Lac
Godrej Rejuve,703 sqft,2,₹88 Lac
Shriram society vadgaon sheri,480 sqft,1,₹45 Lac
Nivedita Terrace,1100 sqft,2,₹91 Lac
Rahul Arcus,1300 sqft,3,₹1.60 Cr
Marvel Enigma,1600 sqft,3,₹2 Cr
Dahanukar Colony,1040 sqft,3,₹2 Cr
66 Gulmohar,674 sqft,2,₹95 Lac
La Tierra,850 sqft,2,₹93 Lac
Amanora Future Towers Phase 1,630 sqft,2,₹81 Lac
es,750 sqft,2,₹75 Lac
Konark Exotica,930 sqft,2,₹63 Lac
Monte Rosa,947 sqft,2,₹1.69 Cr
Kothrud Pune,550 sqft,1,₹60 Lac
e Prolife III,750 sqft,2,₹82 Lac
Gagan MiCasaa,530 sqft,1,₹30 Lac
El Homes,650 sqft,2,₹79 Lac
um Series,1140 sqft,3,₹1.31 Cr
Legacy Aeo,1325 sqft,3,₹1.90 Cr
15 M STREET,520 sqft,1,₹49 Lac
Prabhat Road Pune,1296 sqft,3,₹2.70 Cr
Kothrud Pune,1090 sqft,3,₹2.30 Cr
Vertillas,1171 sqft,2,₹1.50 Cr
The Orchard,700 sqft,2,₹40 Lac
Rohan Leher II,1160 sqft,3,₹1.85 Cr
Shonest Towers,750 sqft,2,₹72 Lac
Regalia Residency,796 sqft,2,₹70 Lac
Sahakar Nagar Tulshibagwale Colony Pune,1078 sqft,2,₹1.21 Cr
Swastik Muhurtam,614 sqft,1,₹31 Lac
V Top Valonia,709 sqft,2,₹62 Lac
Kasturi Legacy,2400 sqft,4,₹5 Cr
Fortaleza,950 sqft,2,₹1.35 Cr
Godrej Rejuve,1050 sqft,3,₹1.30 Cr
Kolte Patil Downtown Xenia,985 sqft,2,₹78 Lac
Snehangan Residency,730 sqft,2,₹67 Lac
VTP Leonara,877 sqft,2,₹77 Lac
One North,2600 sqft,4,₹3.80 Cr
Fragrancia,1185 sqft,3,₹3 Cr
Puravankara Purva Silversands,628 sqft,2,₹98.1 Lac
Shapoorji Pallonji Realty JP Homes,1504 sqft,3,₹1.69 Cr
Model Colony,1308 sqft,4,₹2.56 Cr
Kolte Patil Life Republic,657 sqft,2,₹54 Lac
Eon Waterfront,2584 sqft,4,₹4.50 Cr
Magarpatta Trillium,1300 sqft,3,₹1.60 Cr
Panchshil Towers,1661 sqft,3,₹3.30 Cr
Aaditya Malhar,430 sqft,1,₹43.2 Lac
ARV Imperia,737 sqft,2,₹44 Lac
Treedom Park,1051 sqft,3,₹93 Lac
Gloria Grace,1038 sqft,3,₹1.25 Cr
ess Hub,625 sqft,2,₹36.8 Lac
Aditya Sankruti,799 sqft,2,₹62 Lac
Dhankawadi Pune,700 sqft,2,₹85 Lac
Sobha Ivory,1690 sqft,3,₹1.20 Cr
Erandwane Pune,1450 sqft,3,₹2.50 Cr
Kumar Prithvi H2,550 sqft,1,₹38 Lac
Tanish Pearls,594 sqft,2,₹45 Lac
Mantra Montana,978 sqft,3,₹89 Lac
VTP Solitaire,1075 sqft,3,₹1.48 Cr
Majestique Signature Towers,1095 sqft,2,₹1.09 Cr
Iristo Gold,406 sqft,1,₹17.3 Lac
Shree Krishna Apartment,600 sqft,1,₹36.4 Lac
Old Sangvi,650 sqft,2,₹27.3 Lac
Anmol Apartments,600 sqft,1,₹46 Lac
Vallonia,840 sqft,2,₹1.25 Cr
Pimple Gurav,740 sqft,2,₹62 Lac
Gulmohar Renaissance,861 sqft,2,₹69 Lac
VTP Earth One,800 sqft,2,₹73.6 Lac
Kolte Patil 24K Stargaze,3400 sqft,5,₹3.50 Cr
Alive Skypark,800 sqft,2,₹1.15 Cr
Zen Elite,New Property,2,₹90.4 Lac
Grande View 7,1175 sqft,3,₹1.05 Cr
Siddharth Nagar Phase 3,680 sqft,2,₹64 Lac
Gagan Adira,815 sqft,2,₹76 Lac
Chakan Shikrapur Road Pune,460 sqft,1,₹16 Lac
Kapil Tranquil Greens,1600 sqft,3,₹1.80 Cr
Ganga Constella,1254 sqft,3,₹1.37 Cr
Warje Pune,781 sqft,2,₹1.05 Cr
Venus Park,950 sqft,3,₹68 Lac
gre Nagar Pune,890 sqft,2,₹50 Lac
Casa Vibrante,800 sqft,2,₹52 Lac
gston Elysia,700 sqft,2,₹43.5 Lac
Fortune Estates,1308 sqft,3,₹1.35 Cr
Hill Mist Garden,815 sqft,2,₹61.5 Lac
Narayan Peth Pune,900 sqft,3,₹1.18 Cr
Eiffel City Phase II,476 sqft,2,₹23 Lac
Royal Empire,464 sqft,1,₹33.7 Lac
Sai Eshanya,850 sqft,2,₹1 Cr
NGK Suvarna Nagari,907 sqft,3,₹55.2 Lac
Wonder Futura,830 sqft,3,₹83.7 Lac
Gurukrupa Aero Nest,850 sqft,2,₹52.8 Lac
e Villas,550 sqft,1,₹49 Lac
Swapnapurti Apartment,300 sqft,1,₹25.1 Lac
Green City,500 sqft,1,₹32.9 Lac
Nyati Epitome,1100 sqft,3,₹1.04 Cr
Navyangan,400 sqft,1,₹25 Lac
Sun City Road Pune,1000 sqft,2,₹70 Lac
Waman Ganesh Apartment,700 sqft,2,₹93 Lac
Ravet,850 sqft,2,₹78 Lac
Kumar Pratham,870 sqft,2,₹80 Lac
gston Serene,460 sqft,1,₹28 Lac
Rama Melange Residences Phase III,630 sqft,2,₹64 Lac
Nyati Elysia IV,1188 sqft,3,₹1.70 Cr
Gokulam,495 sqft,1,₹29.5 Lac
Raheja Reserve,825 sqft,2,₹79 Lac
VTP Cygnus,415 sqft,1,₹45 Lac
Regulus,1568 sqft,3,₹1.45 Cr
Bhumi Mangalmurti Heights,583 sqft,1,₹30 Lac
Royal Rahadki Greens,450 sqft,1,₹50 Lac
Kondhawe Dhawade Pune,564 sqft,1,₹36 Lac
VTP Leonara,800 sqft,2,₹85 Lac
Katraj Pune,550 sqft,2,₹36.8 Lac
Nyati Evara 1,1200 sqft,3,₹1.05 Cr
VTP Belair,769 sqft,3,₹1 Cr
Shreeya Sneh,520 sqft,1,₹28.7 Lac
Mantri Regency,825 sqft,2,₹59 Lac
Sai Laxmi Galaxy,876 sqft,2,₹70 Lac
DSK Chandradeep,900 sqft,2,₹1.65 Cr
a,820 sqft,2,₹53.7 Lac
Vatan Nagar Pune,680 sqft,2,₹30.1 Lac
Xrbia Smart City Talegaon Ambi,220 sqft,1,₹14.9 Lac
kya Apartment,250 sqft,1,₹25.1 Lac
Karishma Society,890 sqft,2,₹1.65 Cr
Central Park Residences,700 sqft,2,₹62 Lac
Gera World of Joy,1200 sqft,3,₹1.70 Cr
Air Castles,850 sqft,2,₹60 Lac
Suvarna Rekha Apartment,950 sqft,2,₹1.05 Cr
Gultekadi Pune,1450 sqft,4,₹2.49 Cr
Mayur Kilbil,960 sqft,2,₹57 Lac
Agrasen Society,570 sqft,1,₹56 Lac
Pushpak Park,1150 sqft,3,₹1.80 Cr
Kolte Patil Life Republic Sector R7 7th Avenue I Towers,629 sqft,2,₹44 Lac
Lake Town,930 sqft,3,₹1.10 Cr
dra Royale,1147 sqft,2,₹90 Lac
Kumar Priyadarshan,830 sqft,2,₹70 Lac
jawadi Pune,875 sqft,2,₹94 Lac
Park Titanium,1270 sqft,3,₹2.15 Cr
a,760 sqft,2,₹48 Lac
Kolte Patil Green Olive,872 sqft,2,₹71 Lac
Costa Rica,900 sqft,2,₹90 Lac
Shonest Towers,630 sqft,2,₹64 Lac
Kothrud Pune,525 sqft,1,₹68 Lac
Amanora Aspire Towers,810 sqft,2,₹1.45 Cr
Gera GreensVille SkyVillas,2100 sqft,3,₹2.50 Cr
Kul Utsav,600 sqft,2,₹36 Lac
Crystal Tower,930 sqft,2,₹1.29 Cr
Sukhsagar Nagar Katraj Pune,500 sqft,1,₹43.5 Lac
a,850 sqft,3,₹65 Lac
Trimurti Hill View,1000 sqft,2,₹75 Lac
Sunrise,980 sqft,2,₹77 Lac
Kolte-Patil Western Avenue,1200 sqft,3,₹1.65 Cr
Shastri Apartments,850 sqft,2,₹1.10 Cr
Atul Alcove,1104 sqft,3,₹1.45 Cr
Panchshil Towers,5145 sqft,5,₹9.25 Cr
Paranjape Blue Ridge,860 sqft,2,₹1.20 Cr
Mayur Colony Kothrud Pune,1150 sqft,3,₹1.70 Cr
Nanded City,1450 sqft,3,₹1.12 Cr
VTP Solitaire,800 sqft,2,₹1.02 Cr
Ambegaon Pune,1250 sqft,3,₹1.25 Cr
Silver Skyscapes,1290 sqft,3,₹1.35 Cr
Bavdhan Pune,800 sqft,2,₹65 Lac
Beverly Hills,1100 sqft,3,₹1.72 Cr
Amit Colori,1031 sqft,2,₹43.2 Lac
Mahalaxmi Nagar Pune,880 sqft,2,₹75 Lac
Bramha Sun City Phase 2,1800 sqft,3,₹3 Cr
Katraj Flat,476 sqft,1,₹20 Lac
ium,1400 sqft,2,₹1.35 Cr
Lodha Belmondo,450 sqft,1,₹65 Lac
g,1100 sqft,2,₹91 Lac
Mantri Lavendula,1300 sqft,3,₹1.40 Cr
VTP Solitaire,1450 sqft,3,₹1.55 Cr
Mantra Insignia,700 sqft,2,₹65 Lac
Bhoomi Residency,450 sqft,1,₹33 Lac
jewadi IT Park,750 sqft,2,₹54 Lac
Manik Baug,850 sqft,2,₹1.15 Cr
V R Kulkarni Meghdoot Tower,800 sqft,2,₹90 Lac
Oxford Comforts,950 sqft,2,₹65 Lac
Pride Purple Square,876 sqft,2,₹98 Lac
g Valley,1335 sqft,3,₹1.48 Cr
Ambegaon BK Pune,530 sqft,1,₹30 Lac
Aditya Comfort Zone,820 sqft,2,₹90 Lac
Silver Treasure,430 sqft,1,₹22.8 Lac
A And A Breeza,875 sqft,2,₹95 Lac
Regulus,1050 sqft,3,₹1.10 Cr
Xrbia Township,580 sqft,3,₹34.5 Lac
Shreeyash Shree Woods,980 sqft,3,₹75 Lac
Ganesh Aura,701 sqft,2,₹90 Lac
Kool Homes Arena,1155 sqft,2,₹97 Lac
Venkatesh Graffiti,1098 sqft,3,₹1.05 Cr
Krishna Keval Township,765 sqft,2,₹60.3 Lac
Sunrise Hights Pune,550 sqft,1,₹23 Lac
Pebbles Greenfield,736 sqft,2,₹69.5 Lac
Pimple Saudagar,1270 sqft,3,₹1.25 Cr
Navkar Mantra Sunil Haridas,686 sqft,2,₹60 Lac
Rambag Apartment,450 sqft,1,₹75 Lac
Sadashiv Peth Pune,952 sqft,2,₹1.30 Cr
Archana Paradise,430 sqft,1,₹38 Lac
Aura Ville Bavdhan,864 sqft,2,₹1 Cr
Model Colony,970 sqft,2,₹1.55 Cr
Kundan Eternia,1510 sqft,3,₹1.80 Cr
Shapoorji Pallonji Joyville,672 sqft,2,₹76 Lac
SunShree Society,600 sqft,2,₹50 Lac
jewadi Rajiv Gandhi Infotech Park,1250 sqft,3,₹1.27 Cr
Aksha Vrundavan,800 sqft,2,₹60 Lac
Puranik Abitante,489 sqft,1,₹48 Lac
Zohra Apartment,614 sqft,1,₹32 Lac
chwad Pune,400 sqft,1,₹33 Lac
Tanish Icon,785 sqft,2,₹63 Lac
Kunal Aspiree,1250 sqft,3,₹1.55 Cr
Amanora Aspire Towers,1405 sqft,2,₹1.40 Cr
Moshi Pune,615 sqft,1,₹30 Lac
gs Flat,590 sqft,1,₹46 Lac
Shree Madhavaashram Apartment,789 sqft,2,₹90 Lac
Panchshil The Address,4090 sqft,4,₹8.50 Cr
Konark A Plus,3850 sqft,4,₹7.65 Cr
Kunal Aspiree Phase II,1250 sqft,3,₹1.53 Cr
Balewadi Pune,807 sqft,2,₹95 Lac
Shankar Kalat Nagar Pune,950 sqft,2,₹65 Lac
Suruchi,1240 sqft,3,₹2.45 Cr
Solitaire 3,2250 sqft,4,₹4 Cr
Godrej River Royale,1688 sqft,3,₹2.49 Cr
Rajyog Annexe,710 sqft,2,₹75 Lac
Pawar Industrial Area,630 sqft,2,₹48 Lac
Jai Bhavani Apartment,605 sqft,1,₹27.3 Lac
Supreme Estia,900 sqft,3,₹1.95 Cr
Kolte Patil Life Republic,550 sqft,1,₹40 Lac
Park Express,1525 sqft,3,₹1.75 Cr
Amanora Neo Towers,1655 sqft,4,₹2.62 Cr
YashOne Wakad Central,1027 sqft,2,₹90 Lac
Kakkad La Vida,1111 sqft,3,₹1.55 Cr
ARV Royale,1010 sqft,3,₹70 Lac
Sham Sharan,1250 sqft,3,₹1.99 Cr
Kolte-Patil Life Republic R16,710 sqft,2,₹60 Lac
Mahalaxmi Vihar,880 sqft,2,₹75.2 Lac
hgad Road Pune,450 sqft,1,₹42 Lac
Kundan Kushal Nagar,956 sqft,2,₹49.5 Lac
Nyati County,2604 sqft,4,₹3 Cr
Axis Vertiga,1800 sqft,4,₹95 Lac
TATA La Montana,676 sqft,2,₹40 Lac
Oxy Desire,473 sqft,1,₹27.9 Lac
Vadgaon BK Pune,460 sqft,1,₹32 Lac
Anandgram Talegaon Dhamdere,459 sqft,2,₹14.1 Lac
Madhuban Society,750 sqft,2,₹98 Lac
Oak Vista,500 sqft,1,₹33.8 Lac
Bibwewadi Pune,1089 sqft,3,₹1.66 Cr
Vaastu Viva,475 sqft,1,₹50 Lac
Celebrations,680 sqft,1,₹27.9 Lac
Daffodils,1250 sqft,3,₹1.45 Cr
Ashakiran Apartments,1050 sqft,2,₹1.04 Cr
Chakan Pune,420 sqft,1,₹13.5 Lac
Punavale,350 sqft,1,₹39.5 Lac
Sparkle Avenue,868 sqft,2,₹50.6 Lac
chwad,1068 sqft,3,₹1.25 Cr
Dwarkadheesh Residency,857 sqft,2,₹69 Lac
Godrej 24,1182 sqft,3,₹1.40 Cr
Balaji Sankul,450 sqft,1,₹14.7 Lac
Charuhas Apartment,1038 sqft,3,₹2.14 Cr
Forest County,1190 sqft,3,₹1.40 Cr
Oxy Galaxy,726 sqft,2,₹45 Lac
Prime Plus Phase 2,1037 sqft,2,₹85 Lac
Godrej Nurture,732 sqft,2,₹67 Lac
ia,1238 sqft,2,₹79.9 Lac
Undri Pune,761 sqft,2,₹46.1 Lac
ium,1350 sqft,3,₹1.75 Cr
Bramha Emerald County,1250 sqft,3,₹1 Cr
TCG The Cliff Garden,510 sqft,1,₹45 Lac
Nanded City,900 sqft,2,₹70 Lac
Law College Road Pune,1225 sqft,3,₹2.55 Cr
Nilesh Classic,490 sqft,1,₹25.1 Lac
Dhayreshwar Paradise,450 sqft,1,₹19.5 Lac
Majestique Rhythm County,585 sqft,2,₹64.4 Lac
Somwar Peth Pune,750 sqft,2,₹68.3 Lac
Radhika Vihar,901 sqft,2,₹41.9 Lac
Wakad Pune,380 sqft,1,₹48 Lac
Rama Capriccio Phase I,1050 sqft,2,₹80.1 Lac
oor Famville,769 sqft,2,₹54.6 Lac
Genesis,910 sqft,3,₹76.5 Lac
Oxy Valley II,700 sqft,2,₹42 Lac
Castle World,500 sqft,1,₹44.6 Lac
a,1000 sqft,2,₹85 Lac
bow Grace,1020 sqft,3,₹1.20 Cr
Bhujbal Vasti,750 sqft,2,₹63 Lac
Camp Pune,1250 sqft,3,₹1.70 Cr
jewadi,576 sqft,3,₹23.4 Lac
Panama Park,356 sqft,1,₹25 Lac
Godrej River Royale,1700 sqft,3,₹2 Cr
Paranjape Abhiruchi Parisar,688 sqft,3,₹85 Lac
Ravet,686 sqft,2,₹65 Lac
Icon Residency,490 sqft,1,₹23 Lac
Rose Gardenia,1065 sqft,3,₹78 Lac
Ganga Osian Park,595 sqft,1,₹35 Lac
Godrej Hillside,665 sqft,2,₹74 Lac
Rohan Abhilasha,825 sqft,2,₹50 Lac
Old Sangvi,1100 sqft,2,₹75 Lac
Summer Garden,1460 sqft,3,₹1.98 Cr
Daffodils Avenue,604 sqft,1,₹25 Lac
Mahalaxmi Vihar,625 sqft,2,₹32.9 Lac
Kondhwa BK Pune,500 sqft,1,₹35 Lac
Rio Vista,728 sqft,2,₹30 Lac
jewadi,416 sqft,2,₹19.5 Lac
Tulip Homes,779 sqft,2,₹30 Lac
Dreams Aakruti,700 sqft,2,₹45.6 Lac
Pashan Pune,858 sqft,2,₹88 Lac
Anita Residency,785 sqft,2,₹44.2 Lac
The Greater Ganga Panama,1535 sqft,3,₹1.27 Cr
